group_col,n_groups,n_splits,regression_r2_mean,regression_mae_mean,classification_roc_auc_mean,classification_pr_auc_mean
base_generator,49,5,0.16516886539764233,0.1803107341451951,0.6757487251801715,0.14308883318262344
family,9,5,-0.3407933603079673,0.2264032456752269,0.6336632300602072,0.18167514280382835
