group_col,n_groups,n_splits,regression_r2_mean,regression_mae_mean,classification_roc_auc_mean,classification_pr_auc_mean
base_generator,52,5,0.20794353417640102,0.13366901469137873,0.7344722744182276,0.14397549742713156
family,16,5,-0.06378889998373763,0.1582677391181547,0.6823032006507976,0.12353863052236425
