rule,n,qrc_useful_rate,qrc_win_rate,mean_advantage
adf_p > 0.009 and pred_nrmse_gbm > 0.293 and ext_lz_complexity <= 0.995,399,0.2832080200501253,0.3609022556390977,-0.07637708841598959
adf_p <= 0.009 and lyapunov > 1.506,111,0.23423423423423423,0.3153153153153153,-0.30284043978814906
adf_p > 0.009 and pred_nrmse_gbm > 0.293 and ext_lz_complexity > 0.995,136,0.10294117647058823,0.21323529411764705,-0.059033352827157
adf_p <= 0.009 and lyapunov <= 1.506 and dom_freq <= 0.013,809,0.06798516687268233,0.20642768850432633,-0.19828258165054738
adf_p > 0.009 and pred_nrmse_gbm <= 0.293,133,0.022556390977443608,0.03759398496240601,-0.6698896375362753
adf_p <= 0.009 and lyapunov <= 1.506 and dom_freq > 0.013,3412,0.013774912075029308,0.16852286049237983,-0.13966451161526436
