dataset_id,nrmse_linear,nrmse_gbm,nrmse_esn_v5,nmae_esn_v5,nrmse_qrc_m,nmae_qrc_m,advantage_qrc_m_vs_esn,nmae_advantage_qrc_m_vs_esn,qrc_m_useful,nrmse_qrc_e,nmae_qrc_e,advantage_qrc_e_vs_esn,nmae_advantage_qrc_e_vs_esn,qrc_e_useful,nrmse_qrc_d,nmae_qrc_d,advantage_qrc_d_vs_esn,nmae_advantage_qrc_d_vs_esn,qrc_d_useful,best_qrc_variant,best_qrc_advantage_vs_esn,qrc_any_win,qrc_any_useful,label_seed_count
circle_map_k1.47_s000:3200:800,8.730667707600894e-11,0.008843228753850433,2.517923674869833e-09,2.10661270447698e-09,7.156596740572396e-06,5.513116637188439e-06,-7.154078816897526e-06,-5.511010024483963e-06,False,0.00110140278702911,0.0009046531939794199,-0.0011014002691054352,-0.0009046510873667154,False,0.9402690109217985,0.7589798835938328,-0.9402690084038748,-0.7589798814872202,False,qrc_m,-7.154078816897526e-06,False,False,1
standard_map_k1.57_s000:3400:800,6.994907110878504e-07,0.010866832284781506,7.661197545833775e-07,6.034958328447569e-07,0.0006566927988662708,0.0005181032098622215,-0.0006559266791116875,-0.0005174997140293767,False,0.35985693254081647,0.3058242851896938,-0.3598561664210619,-0.3058236816938609,False,0.9680188194609441,0.8482669787476944,-0.9680180533411895,-0.8482663752518615,False,qrc_m,-0.0006559266791116875,False,False,1
