dataset_id,nrmse_linear,nrmse_gbm,nrmse_esn_v5,nmae_esn_v5,nrmse_qrc_m,nmae_qrc_m,advantage_qrc_m_vs_esn,nmae_advantage_qrc_m_vs_esn,qrc_m_useful,nrmse_qrc_e,nmae_qrc_e,advantage_qrc_e_vs_esn,nmae_advantage_qrc_e_vs_esn,qrc_e_useful,nrmse_qrc_d,nmae_qrc_d,advantage_qrc_d_vs_esn,nmae_advantage_qrc_d_vs_esn,qrc_d_useful,best_qrc_variant,best_qrc_advantage_vs_esn,qrc_any_win,qrc_any_useful,label_seed_count
mso2_s000:1900:800,3.083616436284671e-11,0.47757251795156774,0.09178545443125308,0.061186896283416344,0.8678034742231115,0.6254336068267932,-0.7760180197918585,-0.5642467105433768,False,1.0966362340936058,0.8450871258897884,-1.0048507796623527,-0.7839002296063721,False,0.9637932128520244,0.7694786055062016,-0.8720077584207713,-0.7082917092227853,False,qrc_m,-0.7760180197918585,False,False,1
ikeda_u0.734_s000:2900:800,0.9755509831755189,0.4275235966987333,0.1645177752554667,0.12379431647796714,0.8155693453576824,0.6640868173787443,-0.6510515701022157,-0.5402925009007772,False,0.8826993802751647,0.7003253673034604,-0.718181605019698,-0.5765310508254933,False,0.9866628981795247,0.79848279885853,-0.822145122924058,-0.6746884823805629,False,qrc_m,-0.6510515701022157,False,False,1
