dataset_id,nrmse_linear,nrmse_gbm,nrmse_esn_v5,nmae_esn_v5,nrmse_qrc_m,nmae_qrc_m,advantage_qrc_m_vs_esn,nmae_advantage_qrc_m_vs_esn,qrc_m_useful,nrmse_qrc_e,nmae_qrc_e,advantage_qrc_e_vs_esn,nmae_advantage_qrc_e_vs_esn,qrc_e_useful,nrmse_qrc_d,nmae_qrc_d,advantage_qrc_d_vs_esn,nmae_advantage_qrc_d_vs_esn,qrc_d_useful,best_qrc_variant,best_qrc_advantage_vs_esn,qrc_any_win,qrc_any_useful,label_seed_count
lorenz63_rho39.72_s000:1200:800,0.6709189030392375,0.3144130201181699,0.13068204955388518,0.09324061464487636,0.41345104137551053,0.29059808475349647,-0.28276899182162535,-0.1973574701086201,False,0.6411487836607901,0.4988430827826848,-0.5104667341069049,-0.4056024681378084,False,1.0908116693276286,0.9082008013501209,-0.9601296197737434,-0.8149601867052446,False,qrc_m,-0.28276899182162535,False,False,1
rossler_c8.57_s000:1300:800,0.2588645057165977,0.33987019520247236,0.1587223582897918,0.12087095659030296,0.7103259272438442,0.6291227726472983,-0.5516035689540524,-0.5082518160569953,False,0.6981597588706463,0.5830585862042194,-0.5394374005808544,-0.4621876296139164,False,0.9665047143572966,0.8737753668223545,-0.8077823560675048,-0.7529044102320515,False,qrc_e,-0.5394374005808544,False,False,1
