{
  "analysis_version": "real-external-validation-v1",
  "artifact": "real_labeled_external_validation",
  "selection_path": "results_real_validation/real_label_selection.csv",
  "windows_path": "results_real_validation/real_windows.npz",
  "calibration_config": "results_calibration_v4/frozen_config.json",
  "n_rows": 24,
  "seed_count": 1,
  "summary": [
    {
      "group": "overall",
      "n": 24,
      "mean_predicted_qrc_advantage": -0.12996936730355937,
      "mean_qrc_advantage_real": -0.5633808593969473,
      "median_qrc_advantage_real": -0.1921804113712436,
      "qrc_win_rate_real": 0.041666666666666664,
      "qrc_useful_rate_real": 0.041666666666666664,
      "mean_qrc_nmae_advantage_real": -0.5346467250885176,
      "mean_qrc_vs_nvar_nrmse_advantage_real": -0.49476343088940306,
      "support_score_mean": 0.09828333333333328,
      "ood_rate": 0.4583333333333333,
      "prediction_r2": -0.5098363991794592,
      "prediction_mae": 0.5355778079853927,
      "prediction_roc_auc": 0.0,
      "prediction_pr_auc": 0.041666666666666664,
      "prediction_brier": 0.10366569063825702
    },
    {
      "group": "role:domain_balanced",
      "n": 6,
      "mean_predicted_qrc_advantage": -0.1417987217560867,
      "mean_qrc_advantage_real": -0.7846689886173678,
      "median_qrc_advantage_real": -0.6672250562486602,
      "qrc_win_rate_real": 0.0,
      "qrc_useful_rate_real": 0.0,
      "mean_qrc_nmae_advantage_real": -0.8105743960726323,
      "mean_qrc_vs_nvar_nrmse_advantage_real": -0.6811373904789204,
      "support_score_mean": 0.17016666666666666,
      "ood_rate": 0.16666666666666666,
      "prediction_r2": -0.8712869992204082,
      "prediction_mae": 0.7792449225662827,
      "prediction_roc_auc": null,
      "prediction_pr_auc": null,
      "prediction_brier": null
    },
    {
      "group": "role:ood_guardrail",
      "n": 6,
      "mean_predicted_qrc_advantage": -0.07162794766256049,
      "mean_qrc_advantage_real": -0.29250411947618576,
      "median_qrc_advantage_real": -0.13321803960039857,
      "qrc_win_rate_real": 0.16666666666666666,
      "qrc_useful_rate_real": 0.16666666666666666,
      "mean_qrc_nmae_advantage_real": -0.19134623953596921,
      "mean_qrc_vs_nvar_nrmse_advantage_real": -0.14678542543782044,
      "support_score_mean": 0.024899999999999964,
      "ood_rate": 1.0,
      "prediction_r2": -0.19790325685541754,
      "prediction_mae": 0.2873180708180104,
      "prediction_roc_auc": 0.0,
      "prediction_pr_auc": 0.16666666666666666,
      "prediction_brier": 0.23544106927034555
    },
    {
      "group": "role:predicted_promising",
      "n": 6,
      "mean_predicted_qrc_advantage": -0.035871157658524035,
      "mean_qrc_advantage_real": -0.708471558959142,
      "median_qrc_advantage_real": -0.3625535340439542,
      "qrc_win_rate_real": 0.0,
      "qrc_useful_rate_real": 0.0,
      "mean_qrc_nmae_advantage_real": -0.7374994524105946,
      "mean_qrc_vs_nvar_nrmse_advantage_real": -0.6197850404110528,
      "support_score_mean": 0.053733333333333244,
      "ood_rate": 0.6666666666666666,
      "prediction_r2": -0.8326007262014252,
      "prediction_mae": 0.672600401300618,
      "prediction_roc_auc": null,
      "prediction_pr_auc": null,
      "prediction_brier": null
    },
    {
      "group": "role:predicted_unfavorable",
      "n": 6,
      "mean_predicted_qrc_advantage": -0.27057964213706626,
      "mean_qrc_advantage_real": -0.46787877053509336,
      "median_qrc_advantage_real": -0.290072147534134,
      "qrc_win_rate_real": 0.0,
      "qrc_useful_rate_real": 0.0,
      "mean_qrc_nmae_advantage_real": -0.3991668123348744,
      "mean_qrc_vs_nvar_nrmse_advantage_real": -0.5313458672298186,
      "support_score_mean": 0.14433333333333329,
      "ood_rate": 0.0,
      "prediction_r2": -0.14132590420527658,
      "prediction_mae": 0.40314783725665926,
      "prediction_roc_auc": null,
      "prediction_pr_auc": null,
      "prediction_brier": null
    },
    {
      "group": "domain:electricity_load",
      "n": 2,
      "mean_predicted_qrc_advantage": -0.3071705350343483,
      "mean_qrc_advantage_real": -0.7049862241189881,
      "median_qrc_advantage_real": -0.7049862241189881,
      "qrc_win_rate_real": 0.0,
      "qrc_useful_rate_real": 0.0,
      "mean_qrc_nmae_advantage_real": -0.6295053351685731,
      "mean_qrc_vs_nvar_nrmse_advantage_real": -0.8751507985396145,
      "support_score_mean": 0.21139999999999992,
      "ood_rate": 0.0,
      "prediction_r2": null,
      "prediction_mae": null,
      "prediction_roc_auc": null,
      "prediction_pr_auc": null,
      "prediction_brier": null
    },
    {
      "group": "domain:electricity_transformer",
      "n": 3,
      "mean_predicted_qrc_advantage": -0.2163641015996551,
      "mean_qrc_advantage_real": -0.7505253029646898,
      "median_qrc_advantage_real": -0.4923814480286903,
      "qrc_win_rate_real": 0.0,
      "qrc_useful_rate_real": 0.0,
      "mean_qrc_nmae_advantage_real": -0.7192016823696843,
      "mean_qrc_vs_nvar_nrmse_advantage_real": -0.7453898709521926,
      "support_score_mean": 0.15216666666666667,
      "ood_rate": 0.0,
      "prediction_r2": -0.827730869018624,
      "prediction_mae": 0.7137505616973411,
      "prediction_roc_auc": null,
      "prediction_pr_auc": null,
      "prediction_brier": null
    },
    {
      "group": "domain:environment",
      "n": 1,
      "mean_predicted_qrc_advantage": -0.1269194015149152,
      "mean_qrc_advantage_real": -1.281582407372097,
      "median_qrc_advantage_real": -1.281582407372097,
      "qrc_win_rate_real": 0.0,
      "qrc_useful_rate_real": 0.0,
      "mean_qrc_nmae_advantage_real": -1.2684647491715302,
      "mean_qrc_vs_nvar_nrmse_advantage_real": -1.8691101712492078,
      "support_score_mean": 0.0706,
      "ood_rate": 0.0,
      "prediction_r2": null,
      "prediction_mae": null,
      "prediction_roc_auc": null,
      "prediction_pr_auc": null,
      "prediction_brier": null
    },
    {
      "group": "domain:exchange_rate",
      "n": 2,
      "mean_predicted_qrc_advantage": -0.1152814517876368,
      "mean_qrc_advantage_real": -0.4127218972393838,
      "median_qrc_advantage_real": -0.4127218972393838,
      "qrc_win_rate_real": 0.0,
      "qrc_useful_rate_real": 0.0,
      "mean_qrc_nmae_advantage_real": -0.3484380566814214,
      "mean_qrc_vs_nvar_nrmse_advantage_real": -0.4051624018859707,
      "support_score_mean": 0.0769,
      "ood_rate": 0.0,
      "prediction_r2": null,
      "prediction_mae": null,
      "prediction_roc_auc": null,
      "prediction_pr_auc": null,
      "prediction_brier": null
    },
    {
      "group": "domain:m4_monthly",
      "n": 11,
      "mean_predicted_qrc_advantage": -0.08285910071145274,
      "mean_qrc_advantage_real": -0.6734983292513758,
      "median_qrc_advantage_real": -0.30697720572134934,
      "qrc_win_rate_real": 0.09090909090909091,
      "qrc_useful_rate_real": 0.09090909090909091,
      "mean_qrc_nmae_advantage_real": -0.6619308139766517,
      "mean_qrc_vs_nvar_nrmse_advantage_real": -0.40675039999701545,
      "support_score_mean": 0.03312727272727265,
      "ood_rate": 0.9090909090909091,
      "prediction_r2": -0.8054213085977553,
      "prediction_mae": 0.6626264080350062,
      "prediction_roc_auc": 0.0,
      "prediction_pr_auc": 0.09090909090909091,
      "prediction_brier": 0.18002543772584667
    },
    {
      "group": "domain:solar_activity",
      "n": 2,
      "mean_predicted_qrc_advantage": -0.2042847767715753,
      "mean_qrc_advantage_real": -0.06470865610580101,
      "median_qrc_advantage_real": -0.06470865610580101,
      "qrc_win_rate_real": 0.0,
      "qrc_useful_rate_real": 0.0,
      "mean_qrc_nmae_advantage_real": -0.07710842819402784,
      "mean_qrc_vs_nvar_nrmse_advantage_real": -0.04752727068706389,
      "support_score_mean": 0.23394999999999994,
      "ood_rate": 0.0,
      "prediction_r2": null,
      "prediction_mae": null,
      "prediction_roc_auc": null,