group_col,n_groups,n_splits,regression_r2_mean,regression_mae_mean,classification_roc_auc_mean,classification_pr_auc_mean
base_generator,52,5,0.10534751067696677,0.13609260450318583,0.7456282177819856,0.15859131712625207
family,16,5,-0.4203614997271153,0.1829200593641914,0.6350967630305338,0.09455340837258962
