rule,n,qrc_useful_rate,qrc_win_rate,mean_advantage
nl_gain <= -0.453 and ext_trend_strength > 0.402,390,0.31025641025641026,0.33589743589743587,-0.043586697269714016
nl_gain <= -0.453 and ext_trend_strength <= 0.402,224,0.15178571428571427,0.20982142857142858,-0.14552047750320124
nl_gain > -0.453 and dfa_alpha > 0.939 and spectral_entropy > 0.308,1468,0.12397820163487738,0.2295640326975477,-0.15767372360046453
nl_gain > -0.453 and dfa_alpha <= 0.939 and ext_volatility_ac1 > 0.325,1956,0.06288343558282208,0.28629856850715746,-0.07624212818989347
nl_gain > -0.453 and dfa_alpha > 0.939 and spectral_entropy <= 0.308,667,0.04047976011994003,0.046476761619190406,-0.3823613056192063
nl_gain > -0.453 and dfa_alpha <= 0.939 and ext_volatility_ac1 <= 0.325,5295,0.02152974504249292,0.20207743153918792,-0.09003329621520383
