family,n,qrc_win_rate,qrc_useful_rate,mean_qrc_advantage,median_qrc_advantage,mean_ci_low,mean_ci_high
colored_noise,123,0.2926829268292683,0.15447154471544716,-0.04769104624818772,-0.0137299599131462,-0.08723572608608242,-0.013877653668103734
chaotic_flow,927,0.19633225458468176,0.1186623516720604,-0.3240148059799179,-0.1547572279118499,-0.35743781398998553,-0.29182725610299337
nonstationary,695,0.22446043165467625,0.11654676258992806,-0.20979203188332463,-0.0203207589895135,-0.24217415453074087,-0.1763919934237677
linear_stochastic,309,0.22653721682847897,0.061488673139158574,-0.0945859425273653,-0.0255694402876358,-0.1253826830061844,-0.06515653048363106
long_range,251,0.26294820717131473,0.02390438247011952,-0.014814215211789699,-0.0120701539819785,-0.019508207600459786,-0.009815757288824412
nonlinear_stochastic,711,0.4092827004219409,0.02109704641350211,-0.0026480539089154937,-0.0046308375153882,-0.0048505269307776615,-0.0002027811771858261
chaotic_map,1023,0.11730205278592376,0.007820136852394917,-0.10691568632500542,-0.0038803366790481,-0.11863302076952456,-0.09545409579643545
input_driven,597,0.04355108877721943,0.0,-0.19446719911312677,-0.1693434357715233,-0.20541123830862268,-0.18327883660394914
oscillatory,364,0.02197802197802198,0.0,-0.2357870480705063,-0.1352885578348804,-0.27051758078757543,-0.20012986906083588
