{
  "analysis_version": "real-external-validation-v1",
  "artifact": "real_labeled_external_validation",
  "selection_path": "results_real_validation_v2/real_label_selection.csv",
  "windows_path": "results_real_validation_v2/real_windows.npz",
  "calibration_config": "results_calibration_v4/frozen_config.json",
  "n_rows": 48,
  "seed_count": 1,
  "summary": [
    {
      "group": "overall",
      "n": 48,
      "mean_predicted_qrc_advantage": -0.13029552811371128,
      "mean_qrc_advantage_real": -0.6060219326523656,
      "median_qrc_advantage_real": -0.3649718494977483,
      "qrc_win_rate_real": 0.041666666666666664,
      "qrc_useful_rate_real": 0.020833333333333332,
      "mean_qrc_nmae_advantage_real": -0.5840947974844409,
      "mean_qrc_vs_nvar_nrmse_advantage_real": -0.46835805130829655,
      "support_score_mean": 0.10945416666666663,
      "ood_rate": 0.375,
      "prediction_r2": -0.8838576835204495,
      "prediction_mae": 0.5793113799653183,
      "prediction_roc_auc": 0.14893617021276595,
      "prediction_pr_auc": 0.024390243902439025,
      "prediction_brier": 0.08577881636533229
    },
    {
      "group": "role:domain_balanced",
      "n": 12,
      "mean_predicted_qrc_advantage": -0.136301208653573,
      "mean_qrc_advantage_real": -0.6950746420965056,
      "median_qrc_advantage_real": -0.5750601289158334,
      "qrc_win_rate_real": 0.08333333333333333,
      "qrc_useful_rate_real": 0.0,
      "mean_qrc_nmae_advantage_real": -0.631190137997113,
      "mean_qrc_vs_nvar_nrmse_advantage_real": -0.547357258987681,
      "support_score_mean": 0.19091666666666662,
      "ood_rate": 0.08333333333333333,
      "prediction_r2": -0.800447260945857,
      "prediction_mae": 0.6170087291483856,
      "prediction_roc_auc": null,
      "prediction_pr_auc": null,
      "prediction_brier": null
    },
    {
      "group": "role:least_unfavorable",
      "n": 5,
      "mean_predicted_qrc_advantage": -0.04495113344548238,
      "mean_qrc_advantage_real": -1.0350041302573032,
      "median_qrc_advantage_real": -0.94566177784842,
      "qrc_win_rate_real": 0.0,
      "qrc_useful_rate_real": 0.0,
      "mean_qrc_nmae_advantage_real": -1.0230403083884592,
      "mean_qrc_vs_nvar_nrmse_advantage_real": -0.5423115816592806,
      "support_score_mean": 0.05627999999999994,
      "ood_rate": 0.8,
      "prediction_r2": -3.6195159597902595,
      "prediction_mae": 0.9900529968118207,
      "prediction_roc_auc": null,
      "prediction_pr_auc": null,
      "prediction_brier": null
    },
    {
      "group": "role:ood_guardrail",
      "n": 12,
      "mean_predicted_qrc_advantage": -0.10868553444684549,
      "mean_qrc_advantage_real": -0.731668009859863,
      "median_qrc_advantage_real": -0.7709565778861811,
      "qrc_win_rate_real": 0.0,
      "qrc_useful_rate_real": 0.0,
      "mean_qrc_nmae_advantage_real": -0.7623638450470952,
      "mean_qrc_vs_nvar_nrmse_advantage_real": -0.42397036085838824,
      "support_score_mean": 0.02903333333333327,
      "ood_rate": 1.0,
      "prediction_r2": -1.9123746378944575,
      "prediction_mae": 0.6427418898583098,
      "prediction_roc_auc": null,
      "prediction_pr_auc": null,
      "prediction_brier": null
    },
    {
      "group": "role:predicted_promising",
      "n": 7,
      "mean_predicted_qrc_advantage": 0.007780499189853172,
      "mean_qrc_advantage_real": -0.7463294169871586,
      "median_qrc_advantage_real": -0.8105966759263634,
      "qrc_win_rate_real": 0.0,
      "qrc_useful_rate_real": 0.0,
      "mean_qrc_nmae_advantage_real": -0.7186599964501461,
      "mean_qrc_vs_nvar_nrmse_advantage_real": -0.8700821244888386,
      "support_score_mean": 0.07295714285714282,
      "ood_rate": 0.14285714285714285,
      "prediction_r2": -1.4631839171111847,
      "prediction_mae": 0.7541099161770118,
      "prediction_roc_auc": null,
      "prediction_pr_auc": null,
      "prediction_brier": null
    },
    {
      "group": "role:predicted_unfavorable",
      "n": 12,
      "mean_predicted_qrc_advantage": -0.26200435494622326,
      "mean_qrc_advantage_real": -0.13073453113670833,
      "median_qrc_advantage_real": -0.09055185649560352,
      "qrc_win_rate_real": 0.08333333333333333,
      "qrc_useful_rate_real": 0.08333333333333333,
      "mean_qrc_nmae_advantage_real": -0.09734008046911212,
      "mean_qrc_vs_nvar_nrmse_advantage_real": -0.16859352041059447,
      "support_score_mean": 0.1518583333333333,
      "ood_rate": 0.0,
      "prediction_r2": -0.5856837182469843,
      "prediction_mae": 0.2050753677463959,
      "prediction_roc_auc": 0.6363636363636364,
      "prediction_pr_auc": 0.2,
      "prediction_brier": 0.08132092787722957
    },
    {
      "group": "domain:cloud_metrics",
      "n": 1,
      "mean_predicted_qrc_advantage": -0.0294824076693333,
      "mean_qrc_advantage_real": -0.000913027144411771,
      "median_qrc_advantage_real": -0.000913027144411771,
      "qrc_win_rate_real": 0.0,
      "qrc_useful_rate_real": 0.0,
      "mean_qrc_nmae_advantage_real": 0.004726044744017721,
      "mean_qrc_vs_nvar_nrmse_advantage_real": 0.398835923848309,
      "support_score_mean": 0.3978,
      "ood_rate": 0.0,
      "prediction_r2": null,
      "prediction_mae": null,
      "prediction_roc_auc": null,
      "prediction_pr_auc": null,
      "prediction_brier": null
    },
    {
      "group": "domain:electricity_load",
      "n": 1,
      "mean_predicted_qrc_advantage": -0.3262753723329562,
      "mean_qrc_advantage_real": -1.3571047431127528,
      "median_qrc_advantage_real": -1.3571047431127528,
      "qrc_win_rate_real": 0.0,
      "qrc_useful_rate_real": 0.0,
      "mean_qrc_nmae_advantage_real": -1.2080315183365016,
      "mean_qrc_vs_nvar_nrmse_advantage_real": -1.6752165526574732,
      "support_score_mean": 0.1594999999999999,
      "ood_rate": 0.0,
      "prediction_r2": null,
      "prediction_mae": null,
      "prediction_roc_auc": null,
      "prediction_pr_auc": null,
      "prediction_brier": null
    },
    {
      "group": "domain:electricity_transformer",
      "n": 1,
      "mean_predicted_qrc_advantage": -0.121247549745652,
      "mean_qrc_advantage_real": -1.7023031290308823,
      "median_qrc_advantage_real": -1.7023031290308823,
      "qrc_win_rate_real": 0.0,
      "qrc_useful_rate_real": 0.0,
      "mean_qrc_nmae_advantage_real": -1.7632354012754545,
      "mean_qrc_vs_nvar_nrmse_advantage_real": -1.6952962132300835,
      "support_score_mean": 0.1882,
      "ood_rate": 0.0,
      "prediction_r2": null,
      "prediction_mae": null,
      "prediction_roc_auc": null,
      "prediction_pr_auc": null,
      "prediction_brier": null
    },
    {
      "group": "domain:environment",
      "n": 1,
      "mean_predicted_qrc_advantage": -0.1269194015149152,
      "mean_qrc_advantage_real": -1.281582407372097,
      "median_qrc_advantage_real": -1.281582407372097,
      "qrc_win_rate_real": 0.0,
      "qrc_useful_rate_real": 0.0,
      "mean_qrc_nmae_advantage_real": -1.2684647491715302,
      "mean_qrc_vs_nvar_nrmse_advantage_real": -1.8691101712492078,
      "support_score_mean": 0.0706,
      "ood_rate": 0.0,
      "prediction_r2": null,
      "prediction_mae": null,
      "prediction_roc_auc": null,
      "prediction_pr_auc": null,
      "prediction_brier": null
    },
    {
      "group": "domain:exchange_rate",
      "n": 2,
      "mean_predicted_qrc_advantage": -0.1152814517876368,
      "mean_qrc_advantage_real": -0.4127218972393838,
      "median_qrc_advantage_real": -0.4127218972393838,
      "qrc_win_rate_real": 0.0,
      "qrc_useful_rate_real": 0.0,
      "mean_qrc_nmae_advantage_real": -0.3484380566814214,
      "mean_qrc_vs_nvar_nrmse_advantage_real": -0.4051624018859707,
      "support_score_mean": 0.0769,
      "ood_rate": 0.0,
      "prediction_r2": null,
      "prediction_mae": null,
      "prediction_roc_auc": null,
      "prediction_pr_auc": null,
      "prediction_brier": null
    },
    {
      "group": "domain:industrial_sensor",
      "n": 3,