group_col,n_groups,n_splits,regression_r2_mean,regression_mae_mean,classification_roc_auc_mean,classification_pr_auc_mean
base_generator,49,5,0.10330070925124787,0.17387320767453743,0.72289224754337,0.12885250040209914
family,9,5,-0.41445554835046466,0.2015393482208397,0.48012313814975,0.05988422790143592
